,filename_seg,counted
0,96 well image example__A1__1.jpg,1
1,96 well image example__A1__2.jpg,2
2,96 well image example__A1__3.jpg,1
3,96 well image example__A1__4.jpg,1
4,96 well image example__A1__5.jpg,2
5,96 well image example__A1__6.jpg,2
6,96 well image example__A1__7.jpg,1
7,96 well image example__A1__8.jpg,1
8,96 well image example__A1__9.jpg,1
9,96 well image example__A1__10.jpg,1
10,96 well image example__A1__11.jpg,1
11,96 well image example__A1__12.jpg,1
12,96 well image example__A1__13.jpg,1
13,96 well image example__A1__14.jpg,1
14,96 well image example__A1__15.jpg,1
15,96 well image example__A1__16.jpg,1
16,96 well image example__A1__17.jpg,1
17,96 well image example__A1__18.jpg,1
18,96 well image example__A1__19.jpg,1
19,96 well image example__A1__20.jpg,2
20,96 well image example__A1__21.jpg,3
21,96 well image example__A2__1.jpg,1
22,96 well image example__A2__2.jpg,1
23,96 well image example__A2__3.jpg,1
24,96 well image example__A2__4.jpg,3
25,96 well image example__A2__5.jpg,2
26,96 well image example__A2__6.jpg,1
27,96 well image example__A2__7.jpg,1
28,96 well image example__A2__8.jpg,1
29,96 well image example__A2__9.jpg,1
30,96 well image example__A2__10.jpg,1
31,96 well image example__A2__11.jpg,1
32,96 well image example__A2__12.jpg,1
33,96 well image example__A2__13.jpg,1
34,96 well image example__A2__14.jpg,1
35,96 well image example__A2__15.jpg,1
36,96 well image example__A2__16.jpg,1
37,96 well image example__A2__17.jpg,2
38,96 well image example__A2__18.jpg,2
39,96 well image example__A2__19.jpg,2
40,96 well image example__A2__20.jpg,1
41,96 well image example__A2__21.jpg,1
42,96 well image example__A2__22.jpg,1
43,96 well image example__A3__1.jpg,1
44,96 well image example__A3__2.jpg,2
45,96 well image example__A3__3.jpg,1
46,96 well image example__A3__4.jpg,1
47,96 well image example__A3__5.jpg,1
48,96 well image example__A3__6.jpg,2
49,96 well image example__A3__7.jpg,1
50,96 well image example__A3__8.jpg,1
51,96 well image example__A3__9.jpg,1
52,96 well image example__A3__10.jpg,2
53,96 well image example__A3__11.jpg,1
54,96 well image example__A3__12.jpg,2
55,96 well image example__A3__13.jpg,1
56,96 well image example__A3__14.jpg,1
57,96 well image example__A3__15.jpg,1
58,96 well image example__A3__16.jpg,3
59,96 well image example__A3__17.jpg,4
60,96 well image example__A4__1.jpg,1
61,96 well image example__A4__2.jpg,2
62,96 well image example__A4__3.jpg,1
63,96 well image example__A4__4.jpg,1
64,96 well image example__A4__5.jpg,1
65,96 well image example__A4__6.jpg,3
66,96 well image example__A4__7.jpg,1
67,96 well image example__A4__8.jpg,2
68,96 well image example__A4__9.jpg,1
69,96 well image example__A4__10.jpg,1
70,96 well image example__A4__11.jpg,1
71,96 well image example__A4__12.jpg,1
72,96 well image example__A4__13.jpg,1
73,96 well image example__A4__14.jpg,2
74,96 well image example__A4__15.jpg,1
75,96 well image example__A4__16.jpg,1
76,96 well image example__A5__1.jpg,2
77,96 well image example__A5__2.jpg,1
78,96 well image example__A5__3.jpg,2
79,96 well image example__A5__4.jpg,1
80,96 well image example__A5__5.jpg,2
81,96 well image example__A5__6.jpg,1
82,96 well image example__A5__7.jpg,1
83,96 well image example__A5__8.jpg,1
84,96 well image example__A5__9.jpg,5
85,96 well image example__A5__10.jpg,1
86,96 well image example__A5__11.jpg,1
87,96 well image example__A5__12.jpg,1
88,96 well image example__A5__13.jpg,1
89,96 well image example__A5__14.jpg,1
90,96 well image example__A5__15.jpg,2
91,96 well image example__A5__16.jpg,1
92,96 well image example__A5__17.jpg,1
93,96 well image example__A5__18.jpg,1
94,96 well image example__A6__1.jpg,1
95,96 well image example__A6__2.jpg,1
96,96 well image example__A6__3.jpg,1
97,96 well image example__A6__4.jpg,1
98,96 well image example__A6__5.jpg,1
99,96 well image example__A6__6.jpg,4
100,96 well image example__A6__7.jpg,1
101,96 well image example__A6__8.jpg,2
102,96 well image example__A6__9.jpg,1
103,96 well image example__A6__10.jpg,4
104,96 well image example__A6__11.jpg,2
105,96 well image example__A6__12.jpg,2
106,96 well image example__A6__13.jpg,1
107,96 well image example__A6__14.jpg,1
108,96 well image example__A6__15.jpg,1
109,96 well image example__A6__16.jpg,1
110,96 well image example__A6__17.jpg,2
111,96 well image example__A7__1.jpg,2
112,96 well image example__A7__2.jpg,2
113,96 well image example__A7__3.jpg,1
114,96 well image example__A7__4.jpg,1
115,96 well image example__A7__5.jpg,1
116,96 well image example__A7__6.jpg,2
117,96 well image example__A7__7.jpg,1
118,96 well image example__A7__8.jpg,2
119,96 well image example__A7__9.jpg,1
120,96 well image example__A7__10.jpg,1
121,96 well image example__A7__11.jpg,1
122,96 well image example__A7__12.jpg,1
123,96 well image example__A7__13.jpg,1
124,96 well image example__A8__1.jpg,1
125,96 well image example__A8__2.jpg,1
126,96 well image example__A8__3.jpg,1
127,96 well image example__A8__4.jpg,2
128,96 well image example__A8__5.jpg,1
129,96 well image example__A8__6.jpg,1
130,96 well image example__A8__7.jpg,1
131,96 well image example__A8__8.jpg,1
132,96 well image example__A8__9.jpg,2
133,96 well image example__A8__10.jpg,1
134,96 well image example__A8__11.jpg,1
135,96 well image example__A8__12.jpg,2
136,96 well image example__A8__13.jpg,1
137,96 well image example__A8__14.jpg,2
138,96 well image example__A8__15.jpg,1
139,96 well image example__A8__16.jpg,1
140,96 well image example__A8__17.jpg,2
141,96 well image example__A9__1.jpg,1
142,96 well image example__A9__2.jpg,1
143,96 well image example__A9__3.jpg,3
144,96 well image example__A9__4.jpg,1
145,96 well image example__A9__5.jpg,1
146,96 well image example__A9__6.jpg,1
147,96 well image example__A9__7.jpg,1
148,96 well image example__A9__8.jpg,2
149,96 well image example__A9__9.jpg,2
150,96 well image example__A9__10.jpg,1
151,96 well image example__A9__11.jpg,2
152,96 well image example__A9__12.jpg,2
153,96 well image example__A9__13.jpg,1
154,96 well image example__A9__14.jpg,1
155,96 well image example__A10__1.jpg,1
156,96 well image example__A10__2.jpg,1
157,96 well image example__A10__3.jpg,0
158,96 well image example__A10__4.jpg,1
159,96 well image example__A10__5.jpg,1
160,96 well image example__A10__6.jpg,1
161,96 well image example__A10__7.jpg,4
162,96 well image example__A10__8.jpg,1
163,96 well image example__A10__9.jpg,1
164,96 well image example__A10__10.jpg,1
165,96 well image example__A10__11.jpg,1
166,96 well image example__A10__12.jpg,1
167,96 well image example__A10__13.jpg,1
168,96 well image example__A10__14.jpg,4
169,96 well image example__A10__15.jpg,1
170,96 well image example__A10__16.jpg,1
171,96 well image example__A10__17.jpg,0
172,96 well image example__A10__18.jpg,1
173,96 well image example__A11__1.jpg,2
174,96 well image example__A11__2.jpg,1
175,96 well image example__A11__3.jpg,1
176,96 well image example__A11__4.jpg,1
177,96 well image example__A11__5.jpg,1
178,96 well image example__A11__6.jpg,2
179,96 well image example__A11__7.jpg,1
180,96 well image example__A11__8.jpg,3
181,96 well image example__A11__9.jpg,1
182,96 well image example__A11__10.jpg,2
183,96 well image example__A11__11.jpg,1
184,96 well image example__A11__12.jpg,1
185,96 well image example__A11__13.jpg,2
186,96 well image example__A11__14.jpg,1
187,96 well image example__A11__15.jpg,1
188,96 well image example__A11__16.jpg,1
189,96 well image example__A12__1.jpg,1
190,96 well image example__A12__2.jpg,2
191,96 well image example__A12__3.jpg,1
192,96 well image example__A12__4.jpg,1
193,96 well image example__A12__5.jpg,1
194,96 well image example__A12__6.jpg,1
195,96 well image example__A12__7.jpg,1
196,96 well image example__A12__8.jpg,1
197,96 well image example__A12__9.jpg,1
198,96 well image example__A12__10.jpg,2
199,96 well image example__A12__11.jpg,2
200,96 well image example__A12__12.jpg,1
201,96 well image example__A12__13.jpg,1
202,96 well image example__A12__14.jpg,1
203,96 well image example__A12__15.jpg,1
204,96 well image example__A12__16.jpg,3
205,96 well image example__A12__17.jpg,1
206,96 well image example__B1__1.jpg,1
207,96 well image example__B1__2.jpg,1
208,96 well image example__B1__3.jpg,1
209,96 well image example__B1__4.jpg,5
210,96 well image example__B1__5.jpg,1
211,96 well image example__B1__6.jpg,2
212,96 well image example__B1__7.jpg,1
213,96 well image example__B1__8.jpg,1
214,96 well image example__B1__9.jpg,1
215,96 well image example__B1__10.jpg,1
216,96 well image example__B1__11.jpg,1
217,96 well image example__B1__12.jpg,1
218,96 well image example__B1__13.jpg,4
219,96 well image example__B1__14.jpg,0
220,96 well image example__B1__15.jpg,1
221,96 well image example__B1__16.jpg,1
222,96 well image example__B2__1.jpg,1
223,96 well image example__B2__2.jpg,1
224,96 well image example__B2__3.jpg,6
225,96 well image example__B2__4.jpg,1
226,96 well image example__B2__5.jpg,1
227,96 well image example__B2__6.jpg,1
228,96 well image example__B2__7.jpg,1
229,96 well image example__B2__8.jpg,1
230,96 well image example__B2__9.jpg,1
231,96 well image example__B2__10.jpg,1
232,96 well image example__B2__11.jpg,1
233,96 well image example__B2__12.jpg,1
234,96 well image example__B2__13.jpg,1
235,96 well image example__B3__1.jpg,4
236,96 well image example__B3__2.jpg,1
237,96 well image example__B3__3.jpg,1
238,96 well image example__B3__4.jpg,1
239,96 well image example__B3__5.jpg,2
240,96 well image example__B3__6.jpg,1
241,96 well image example__B3__7.jpg,2
242,96 well image example__B3__8.jpg,1
243,96 well image example__B3__9.jpg,1
244,96 well image example__B3__10.jpg,2
245,96 well image example__B3__11.jpg,1
246,96 well image example__B3__12.jpg,1
247,96 well image example__B3__13.jpg,2
248,96 well image example__B3__14.jpg,1
249,96 well image example__B3__15.jpg,1
250,96 well image example__B3__16.jpg,1
251,96 well image example__B3__17.jpg,1
252,96 well image example__B3__18.jpg,2
253,96 well image example__B3__19.jpg,1
254,96 well image example__B4__1.jpg,1
255,96 well image example__B4__2.jpg,1
256,96 well image example__B4__3.jpg,1
257,96 well image example__B4__4.jpg,2
258,96 well image example__B4__5.jpg,1
259,96 well image example__B4__6.jpg,1
260,96 well image example__B4__7.jpg,1
261,96 well image example__B4__8.jpg,1
262,96 well image example__B4__9.jpg,1
263,96 well image example__B4__10.jpg,1
264,96 well image example__B4__11.jpg,2
265,96 well image example__B4__12.jpg,1
266,96 well image example__B4__13.jpg,1
267,96 well image example__B4__14.jpg,2
268,96 well image example__B4__15.jpg,5
269,96 well image example__B4__16.jpg,1
270,96 well image example__B4__17.jpg,1
271,96 well image example__B4__18.jpg,2
272,96 well image example__B4__19.jpg,2
273,96 well image example__B5__1.jpg,1
274,96 well image example__B5__2.jpg,1
275,96 well image example__B5__3.jpg,2
276,96 well image example__B5__4.jpg,1
277,96 well image example__B5__5.jpg,1
278,96 well image example__B5__6.jpg,2
279,96 well image example__B5__7.jpg,3
280,96 well image example__B5__8.jpg,1
281,96 well image example__B5__9.jpg,1
282,96 well image example__B5__10.jpg,1
283,96 well image example__B5__11.jpg,1
284,96 well image example__B5__12.jpg,1
285,96 well image example__B5__13.jpg,1
286,96 well image example__B5__14.jpg,2
287,96 well image example__B5__15.jpg,1
288,96 well image example__B5__16.jpg,1
289,96 well image example__B5__17.jpg,1
290,96 well image example__B5__18.jpg,1
291,96 well image example__B6__1.jpg,2
292,96 well image example__B6__2.jpg,1
293,96 well image example__B6__3.jpg,1
294,96 well image example__B6__4.jpg,2
295,96 well image example__B6__5.jpg,1
296,96 well image example__B6__6.jpg,3
297,96 well image example__B6__7.jpg,1
298,96 well image example__B6__8.jpg,1
299,96 well image example__B6__9.jpg,1
300,96 well image example__B6__10.jpg,1
301,96 well image example__B6__11.jpg,1
302,96 well image example__B6__12.jpg,1
303,96 well image example__B7__1.jpg,1
304,96 well image example__B7__2.jpg,1
305,96 well image example__B7__3.jpg,1
306,96 well image example__B7__4.jpg,4
307,96 well image example__B7__5.jpg,2
308,96 well image example__B7__6.jpg,1
309,96 well image example__B7__7.jpg,1
310,96 well image example__B7__8.jpg,1
311,96 well image example__B7__9.jpg,3
312,96 well image example__B7__10.jpg,2
313,96 well image example__B7__11.jpg,1
314,96 well image example__B7__12.jpg,3
315,96 well image example__B7__13.jpg,2
316,96 well image example__B7__14.jpg,1
317,96 well image example__B7__15.jpg,1
318,96 well image example__B8__1.jpg,1
319,96 well image example__B8__2.jpg,1
320,96 well image example__B8__3.jpg,1
321,96 well image example__B8__4.jpg,1
322,96 well image example__B8__5.jpg,1
323,96 well image example__B8__6.jpg,1
324,96 well image example__B8__7.jpg,1
325,96 well image example__B8__8.jpg,1
326,96 well image example__B8__9.jpg,1
327,96 well image example__B8__10.jpg,4
328,96 well image example__B8__11.jpg,1
329,96 well image example__B8__12.jpg,1
330,96 well image example__B8__13.jpg,1
331,96 well image example__B8__14.jpg,1
332,96 well image example__B8__15.jpg,1
333,96 well image example__B8__16.jpg,2
334,96 well image example__B8__17.jpg,2
335,96 well image example__B8__18.jpg,1
336,96 well image example__B8__19.jpg,1
337,96 well image example__B9__1.jpg,2
338,96 well image example__B9__2.jpg,2
339,96 well image example__B9__3.jpg,3
340,96 well image example__B9__4.jpg,1
341,96 well image example__B9__5.jpg,1
342,96 well image example__B9__6.jpg,1
343,96 well image example__B9__7.jpg,1
344,96 well image example__B9__8.jpg,1
345,96 well image example__B9__9.jpg,1
346,96 well image example__B9__10.jpg,1
347,96 well image example__B9__11.jpg,2
348,96 well image example__B9__12.jpg,0
349,96 well image example__B9__13.jpg,2
350,96 well image example__B9__14.jpg,0
351,96 well image example__B9__15.jpg,1
352,96 well image example__B9__16.jpg,1
353,96 well image example__B10__1.jpg,4
354,96 well image example__B10__2.jpg,0
355,96 well image example__B10__3.jpg,1
356,96 well image example__B10__4.jpg,1
357,96 well image example__B10__5.jpg,1
358,96 well image example__B10__6.jpg,2
359,96 well image example__B10__7.jpg,1
360,96 well image example__B10__8.jpg,1
361,96 well image example__B10__9.jpg,1
362,96 well image example__B10__10.jpg,1
363,96 well image example__B10__11.jpg,2
364,96 well image example__B10__12.jpg,1
365,96 well image example__B10__13.jpg,4
366,96 well image example__B10__14.jpg,1
367,96 well image example__B11__1.jpg,1
368,96 well image example__B11__2.jpg,2
369,96 well image example__B11__3.jpg,1
370,96 well image example__B11__4.jpg,1
371,96 well image example__B11__5.jpg,2
372,96 well image example__B11__6.jpg,1
373,96 well image example__B11__7.jpg,1
374,96 well image example__B11__8.jpg,1
375,96 well image example__B11__9.jpg,1
376,96 well image example__B11__10.jpg,1
377,96 well image example__B11__11.jpg,1
378,96 well image example__B12__1.jpg,1
379,96 well image example__B12__2.jpg,1
380,96 well image example__B12__3.jpg,1
381,96 well image example__B12__4.jpg,0
382,96 well image example__B12__5.jpg,2
383,96 well image example__B12__6.jpg,1
384,96 well image example__B12__7.jpg,1
385,96 well image example__B12__8.jpg,1
386,96 well image example__B12__9.jpg,1
387,96 well image example__B12__10.jpg,1
388,96 well image example__B12__11.jpg,1
389,96 well image example__B12__12.jpg,1
390,96 well image example__B12__13.jpg,1
391,96 well image example__B12__14.jpg,1
392,96 well image example__B12__15.jpg,1
393,96 well image example__C1__0.jpg,0
394,96 well image example__C2__1.jpg,1
395,96 well image example__C2__2.jpg,1
396,96 well image example__C2__3.jpg,1
397,96 well image example__C2__4.jpg,1
398,96 well image example__C2__5.jpg,1
399,96 well image example__C2__6.jpg,1
400,96 well image example__C2__7.jpg,2
401,96 well image example__C2__8.jpg,2
402,96 well image example__C2__9.jpg,1
403,96 well image example__C2__10.jpg,1
404,96 well image example__C2__11.jpg,1
405,96 well image example__C2__12.jpg,2
406,96 well image example__C2__13.jpg,2
407,96 well image example__C2__14.jpg,1
408,96 well image example__C2__15.jpg,2
409,96 well image example__C2__16.jpg,1
410,96 well image example__C2__17.jpg,2
411,96 well image example__C2__18.jpg,3
412,96 well image example__C2__19.jpg,2
413,96 well image example__C3__1.jpg,2
414,96 well image example__C3__2.jpg,1
415,96 well image example__C3__3.jpg,1
416,96 well image example__C3__4.jpg,1
417,96 well image example__C3__5.jpg,0
418,96 well image example__C3__6.jpg,2
419,96 well image example__C3__7.jpg,1
420,96 well image example__C3__8.jpg,1
421,96 well image example__C3__9.jpg,1
422,96 well image example__C3__10.jpg,0
423,96 well image example__C3__11.jpg,1
424,96 well image example__C3__12.jpg,1
425,96 well image example__C3__13.jpg,0
426,96 well image example__C4__1.jpg,2
427,96 well image example__C4__2.jpg,1
428,96 well image example__C4__3.jpg,0
429,96 well image example__C4__4.jpg,0
430,96 well image example__C4__5.jpg,2
431,96 well image example__C4__6.jpg,4
432,96 well image example__C4__7.jpg,1
433,96 well image example__C4__8.jpg,1
434,96 well image example__C4__9.jpg,1
435,96 well image example__C4__10.jpg,1
436,96 well image example__C4__11.jpg,1
437,96 well image example__C4__12.jpg,1
438,96 well image example__C4__13.jpg,1
439,96 well image example__C4__14.jpg,1
440,96 well image example__C4__15.jpg,2
441,96 well image example__C4__16.jpg,0
442,96 well image example__C4__17.jpg,2
443,96 well image example__C4__18.jpg,1
444,96 well image example__C4__19.jpg,1
445,96 well image example__C5__1.jpg,1
446,96 well image example__C5__2.jpg,2
447,96 well image example__C5__3.jpg,2
448,96 well image example__C5__4.jpg,1
449,96 well image example__C5__5.jpg,1
450,96 well image example__C5__6.jpg,1
451,96 well image example__C5__7.jpg,1
452,96 well image example__C5__8.jpg,1
453,96 well image example__C5__9.jpg,1
454,96 well image example__C5__10.jpg,1
455,96 well image example__C5__11.jpg,1
456,96 well image example__C5__12.jpg,1
457,96 well image example__C6__1.jpg,1
458,96 well image example__C6__2.jpg,1
459,96 well image example__C6__3.jpg,1
460,96 well image example__C6__4.jpg,2
461,96 well image example__C6__5.jpg,1
462,96 well image example__C6__6.jpg,1
463,96 well image example__C6__7.jpg,5
464,96 well image example__C6__8.jpg,1
465,96 well image example__C6__9.jpg,1
466,96 well image example__C6__10.jpg,3
467,96 well image example__C6__11.jpg,2
468,96 well image example__C6__12.jpg,1
469,96 well image example__C6__13.jpg,1
470,96 well image example__C6__14.jpg,1
471,96 well image example__C6__15.jpg,2
472,96 well image example__C6__16.jpg,1
473,96 well image example__C7__1.jpg,1
474,96 well image example__C7__2.jpg,1
475,96 well image example__C7__3.jpg,1
476,96 well image example__C7__4.jpg,1
477,96 well image example__C7__5.jpg,1
478,96 well image example__C7__6.jpg,1
479,96 well image example__C7__7.jpg,1
480,96 well image example__C7__8.jpg,1
481,96 well image example__C7__9.jpg,2
482,96 well image example__C7__10.jpg,1
483,96 well image example__C7__11.jpg,1
484,96 well image example__C7__12.jpg,1
485,96 well image example__C7__13.jpg,2
486,96 well image example__C7__14.jpg,1
487,96 well image example__C7__15.jpg,1
488,96 well image example__C7__16.jpg,1
489,96 well image example__C8__1.jpg,1
490,96 well image example__C8__2.jpg,4
491,96 well image example__C8__3.jpg,2
492,96 well image example__C8__4.jpg,1
493,96 well image example__C8__5.jpg,1
494,96 well image example__C8__6.jpg,1
495,96 well image example__C8__7.jpg,1
496,96 well image example__C8__8.jpg,1
497,96 well image example__C8__9.jpg,1
498,96 well image example__C8__10.jpg,1
499,96 well image example__C8__11.jpg,1
500,96 well image example__C8__12.jpg,1
501,96 well image example__C8__13.jpg,1
502,96 well image example__C8__14.jpg,1
503,96 well image example__C8__15.jpg,1
504,96 well image example__C9__1.jpg,1
505,96 well image example__C9__2.jpg,3
506,96 well image example__C9__3.jpg,2
507,96 well image example__C9__4.jpg,1
508,96 well image example__C9__5.jpg,2
509,96 well image example__C9__6.jpg,1
510,96 well image example__C9__7.jpg,1
511,96 well image example__C9__8.jpg,7
512,96 well image example__C9__9.jpg,3
513,96 well image example__C9__10.jpg,1
514,96 well image example__C9__11.jpg,3
515,96 well image example__C9__12.jpg,2
516,96 well image example__C10__1.jpg,1
517,96 well image example__C10__2.jpg,1
518,96 well image example__C10__3.jpg,1
519,96 well image example__C10__4.jpg,1
520,96 well image example__C10__5.jpg,1
521,96 well image example__C10__6.jpg,1
522,96 well image example__C10__7.jpg,1
523,96 well image example__C10__8.jpg,4
524,96 well image example__C10__9.jpg,1
525,96 well image example__C10__10.jpg,1
526,96 well image example__C10__11.jpg,1
527,96 well image example__C11__1.jpg,1
528,96 well image example__C11__2.jpg,1
529,96 well image example__C11__3.jpg,3
530,96 well image example__C11__4.jpg,3
531,96 well image example__C11__5.jpg,3
532,96 well image example__C11__6.jpg,1
533,96 well image example__C11__7.jpg,1
534,96 well image example__C11__8.jpg,1
535,96 well image example__C11__9.jpg,1
536,96 well image example__C11__10.jpg,1
537,96 well image example__C11__11.jpg,1
538,96 well image example__C11__12.jpg,1
539,96 well image example__C11__13.jpg,1
540,96 well image example__C11__14.jpg,1
541,96 well image example__C11__15.jpg,4
542,96 well image example__C11__16.jpg,1
543,96 well image example__C12__1.jpg,2
544,96 well image example__C12__2.jpg,1
545,96 well image example__C12__3.jpg,1
546,96 well image example__C12__4.jpg,1
547,96 well image example__C12__5.jpg,1
548,96 well image example__C12__6.jpg,0
549,96 well image example__C12__7.jpg,1
550,96 well image example__C12__8.jpg,0
551,96 well image example__C12__9.jpg,1
552,96 well image example__C12__10.jpg,1
553,96 well image example__C12__11.jpg,1
554,96 well image example__C12__12.jpg,2
555,96 well image example__C12__13.jpg,1
556,96 well image example__C12__14.jpg,4
557,96 well image example__C12__15.jpg,1
558,96 well image example__C12__16.jpg,1
559,96 well image example__D1__1.jpg,1
560,96 well image example__D1__2.jpg,3
561,96 well image example__D1__3.jpg,10
562,96 well image example__D1__4.jpg,1
563,96 well image example__D1__5.jpg,1
564,96 well image example__D1__6.jpg,1
565,96 well image example__D1__7.jpg,3
566,96 well image example__D1__8.jpg,1
567,96 well image example__D1__9.jpg,1
568,96 well image example__D1__10.jpg,1
569,96 well image example__D1__11.jpg,1
570,96 well image example__D1__12.jpg,1
571,96 well image example__D1__13.jpg,1
572,96 well image example__D1__14.jpg,2
573,96 well image example__D1__15.jpg,1
574,96 well image example__D1__16.jpg,1
575,96 well image example__D2__1.jpg,2
576,96 well image example__D2__2.jpg,1
577,96 well image example__D2__3.jpg,1
578,96 well image example__D2__4.jpg,2
579,96 well image example__D2__5.jpg,2
580,96 well image example__D2__6.jpg,1
581,96 well image example__D2__7.jpg,1
582,96 well image example__D2__8.jpg,1
583,96 well image example__D2__9.jpg,1
584,96 well image example__D2__10.jpg,1
585,96 well image example__D2__11.jpg,1
586,96 well image example__D2__12.jpg,1
587,96 well image example__D2__13.jpg,1
588,96 well image example__D2__14.jpg,3
589,96 well image example__D2__15.jpg,1
590,96 well image example__D2__16.jpg,1
591,96 well image example__D3__1.jpg,2
592,96 well image example__D3__2.jpg,2
593,96 well image example__D3__3.jpg,1
594,96 well image example__D3__4.jpg,2
595,96 well image example__D3__5.jpg,1
596,96 well image example__D3__6.jpg,2
597,96 well image example__D3__7.jpg,1
598,96 well image example__D3__8.jpg,1
599,96 well image example__D3__9.jpg,1
600,96 well image example__D3__10.jpg,1
601,96 well image example__D3__11.jpg,1
602,96 well image example__D3__12.jpg,1
603,96 well image example__D3__13.jpg,1
604,96 well image example__D3__14.jpg,1
605,96 well image example__D3__15.jpg,2
606,96 well image example__D3__16.jpg,1
607,96 well image example__D4__1.jpg,1
608,96 well image example__D4__2.jpg,1
609,96 well image example__D4__3.jpg,1
610,96 well image example__D4__4.jpg,2
611,96 well image example__D4__5.jpg,1
612,96 well image example__D4__6.jpg,2
613,96 well image example__D4__7.jpg,2
614,96 well image example__D4__8.jpg,1
615,96 well image example__D4__9.jpg,2
616,96 well image example__D4__10.jpg,1
617,96 well image example__D4__11.jpg,3
618,96 well image example__D4__12.jpg,1
619,96 well image example__D4__13.jpg,1
620,96 well image example__D4__14.jpg,1
621,96 well image example__D4__15.jpg,1
622,96 well image example__D4__16.jpg,1
623,96 well image example__D4__17.jpg,1
624,96 well image example__D4__18.jpg,1
625,96 well image example__D4__19.jpg,1
626,96 well image example__D5__1.jpg,1
627,96 well image example__D5__2.jpg,1
628,96 well image example__D5__3.jpg,1
629,96 well image example__D5__4.jpg,1
630,96 well image example__D5__5.jpg,1
631,96 well image example__D5__6.jpg,1
632,96 well image example__D5__7.jpg,2
633,96 well image example__D5__8.jpg,1
634,96 well image example__D5__9.jpg,1
635,96 well image example__D5__10.jpg,1
636,96 well image example__D5__11.jpg,1
637,96 well image example__D5__12.jpg,1
638,96 well image example__D5__13.jpg,1
639,96 well image example__D5__14.jpg,1
640,96 well image example__D6__1.jpg,1
641,96 well image example__D6__2.jpg,2
642,96 well image example__D6__3.jpg,3
643,96 well image example__D6__4.jpg,1
644,96 well image example__D6__5.jpg,1
645,96 well image example__D6__6.jpg,1
646,96 well image example__D6__7.jpg,2
647,96 well image example__D6__8.jpg,1
648,96 well image example__D6__9.jpg,1
649,96 well image example__D6__10.jpg,1
650,96 well image example__D6__11.jpg,1
651,96 well image example__D6__12.jpg,3
652,96 well image example__D6__13.jpg,1
653,96 well image example__D6__14.jpg,1
654,96 well image example__D6__15.jpg,3
655,96 well image example__D6__16.jpg,1
656,96 well image example__D6__17.jpg,1
657,96 well image example__D6__18.jpg,1
658,96 well image example__D6__19.jpg,1
659,96 well image example__D6__20.jpg,1
660,96 well image example__D6__21.jpg,1
661,96 well image example__D7__1.jpg,1
662,96 well image example__D7__2.jpg,1
663,96 well image example__D7__3.jpg,2
664,96 well image example__D7__4.jpg,2
665,96 well image example__D7__5.jpg,3
666,96 well image example__D7__6.jpg,1
667,96 well image example__D7__7.jpg,1
668,96 well image example__D7__8.jpg,1
669,96 well image example__D7__9.jpg,1
670,96 well image example__D7__10.jpg,1
671,96 well image example__D7__11.jpg,2
672,96 well image example__D7__12.jpg,5
673,96 well image example__D7__13.jpg,1
674,96 well image example__D7__14.jpg,2
675,96 well image example__D7__15.jpg,1
676,96 well image example__D7__16.jpg,1
677,96 well image example__D7__17.jpg,1
678,96 well image example__D8__1.jpg,1
679,96 well image example__D8__2.jpg,2
680,96 well image example__D8__3.jpg,1
681,96 well image example__D8__4.jpg,0
682,96 well image example__D8__5.jpg,1
683,96 well image example__D8__6.jpg,1
684,96 well image example__D8__7.jpg,1
685,96 well image example__D8__8.jpg,1
686,96 well image example__D8__9.jpg,2
687,96 well image example__D8__10.jpg,2
688,96 well image example__D8__11.jpg,1
689,96 well image example__D8__12.jpg,1
690,96 well image example__D8__13.jpg,2
691,96 well image example__D8__14.jpg,1
692,96 well image example__D8__15.jpg,1
693,96 well image example__D8__16.jpg,1
694,96 well image example__D8__17.jpg,1
695,96 well image example__D8__18.jpg,1
696,96 well image example__D8__19.jpg,2
697,96 well image example__D9__1.jpg,1
698,96 well image example__D9__2.jpg,2
699,96 well image example__D9__3.jpg,1
700,96 well image example__D9__4.jpg,1
701,96 well image example__D9__5.jpg,1
702,96 well image example__D9__6.jpg,3
703,96 well image example__D9__7.jpg,1
704,96 well image example__D9__8.jpg,1
705,96 well image example__D9__9.jpg,1
706,96 well image example__D9__10.jpg,1
707,96 well image example__D9__11.jpg,1
708,96 well image example__D9__12.jpg,7
709,96 well image example__D9__13.jpg,1
710,96 well image example__D9__14.jpg,1
711,96 well image example__D9__15.jpg,2
712,96 well image example__D9__16.jpg,1
713,96 well image example__D9__17.jpg,1
714,96 well image example__D10__1.jpg,1
715,96 well image example__D10__2.jpg,2
716,96 well image example__D10__3.jpg,3
717,96 well image example__D10__4.jpg,1
718,96 well image example__D10__5.jpg,1
719,96 well image example__D10__6.jpg,1
720,96 well image example__D10__7.jpg,2
721,96 well image example__D10__8.jpg,4
722,96 well image example__D10__9.jpg,1
723,96 well image example__D10__10.jpg,3
724,96 well image example__D10__11.jpg,4
725,96 well image example__D10__12.jpg,1
726,96 well image example__D10__13.jpg,2
727,96 well image example__D10__14.jpg,1
728,96 well image example__D10__15.jpg,1
729,96 well image example__D10__16.jpg,1
730,96 well image example__D11__1.jpg,2
731,96 well image example__D11__2.jpg,1
732,96 well image example__D11__3.jpg,3
733,96 well image example__D11__4.jpg,2
734,96 well image example__D11__5.jpg,1
735,96 well image example__D11__6.jpg,2
736,96 well image example__D11__7.jpg,1
737,96 well image example__D11__8.jpg,1
738,96 well image example__D11__9.jpg,1
739,96 well image example__D11__10.jpg,1
740,96 well image example__D11__11.jpg,1
741,96 well image example__D11__12.jpg,1
742,96 well image example__D11__13.jpg,2
743,96 well image example__D11__14.jpg,1
744,96 well image example__D11__15.jpg,1
745,96 well image example__D11__16.jpg,1
746,96 well image example__D12__1.jpg,2
747,96 well image example__D12__2.jpg,1
748,96 well image example__D12__3.jpg,1
749,96 well image example__D12__4.jpg,1
750,96 well image example__D12__5.jpg,1
751,96 well image example__D12__6.jpg,1
752,96 well image example__D12__7.jpg,1
753,96 well image example__D12__8.jpg,1
754,96 well image example__D12__9.jpg,1
755,96 well image example__D12__10.jpg,1
756,96 well image example__D12__11.jpg,1
757,96 well image example__D12__12.jpg,1
758,96 well image example__D12__13.jpg,3
759,96 well image example__D12__14.jpg,1
760,96 well image example__D12__15.jpg,1
761,96 well image example__E1__1.jpg,3
762,96 well image example__E1__2.jpg,1
763,96 well image example__E1__3.jpg,1
764,96 well image example__E1__4.jpg,1
765,96 well image example__E1__5.jpg,1
766,96 well image example__E1__6.jpg,1
767,96 well image example__E1__7.jpg,1
768,96 well image example__E1__8.jpg,1
769,96 well image example__E1__9.jpg,1
770,96 well image example__E1__10.jpg,2
771,96 well image example__E1__11.jpg,1
772,96 well image example__E1__12.jpg,1
773,96 well image example__E1__13.jpg,1
774,96 well image example__E1__14.jpg,3
775,96 well image example__E1__15.jpg,1
776,96 well image example__E1__16.jpg,1
777,96 well image example__E1__17.jpg,1
778,96 well image example__E1__18.jpg,1
779,96 well image example__E2__1.jpg,2
780,96 well image example__E2__2.jpg,1
781,96 well image example__E2__3.jpg,1
782,96 well image example__E2__4.jpg,1
783,96 well image example__E2__5.jpg,1
784,96 well image example__E2__6.jpg,1
785,96 well image example__E2__7.jpg,1
786,96 well image example__E2__8.jpg,1
787,96 well image example__E2__9.jpg,3
788,96 well image example__E2__10.jpg,1
789,96 well image example__E2__11.jpg,2
790,96 well image example__E2__12.jpg,3
791,96 well image example__E2__13.jpg,2
792,96 well image example__E2__14.jpg,2
793,96 well image example__E3__1.jpg,2
794,96 well image example__E3__2.jpg,1
795,96 well image example__E3__3.jpg,3
796,96 well image example__E3__4.jpg,2
797,96 well image example__E3__5.jpg,1
798,96 well image example__E3__6.jpg,3
799,96 well image example__E3__7.jpg,1
800,96 well image example__E3__8.jpg,2
801,96 well image example__E3__9.jpg,1
802,96 well image example__E3__10.jpg,2
803,96 well image example__E3__11.jpg,1
804,96 well image example__E3__12.jpg,1
805,96 well image example__E3__13.jpg,1
806,96 well image example__E3__14.jpg,1
807,96 well image example__E3__15.jpg,1
808,96 well image example__E3__16.jpg,1
809,96 well image example__E4__1.jpg,1
810,96 well image example__E4__2.jpg,1
811,96 well image example__E4__3.jpg,2
812,96 well image example__E4__4.jpg,1
813,96 well image example__E4__5.jpg,2
814,96 well image example__E4__6.jpg,2
815,96 well image example__E4__7.jpg,1
816,96 well image example__E4__8.jpg,1
817,96 well image example__E4__9.jpg,1
818,96 well image example__E4__10.jpg,1
819,96 well image example__E4__11.jpg,1
820,96 well image example__E4__12.jpg,1
821,96 well image example__E4__13.jpg,1
822,96 well image example__E4__14.jpg,1
823,96 well image example__E4__15.jpg,1
824,96 well image example__E4__16.jpg,1
825,96 well image example__E4__17.jpg,2
826,96 well image example__E4__18.jpg,3
827,96 well image example__E4__19.jpg,2
828,96 well image example__E5__1.jpg,1
829,96 well image example__E5__2.jpg,0
830,96 well image example__E5__3.jpg,1
831,96 well image example__E5__4.jpg,3
832,96 well image example__E5__5.jpg,1
833,96 well image example__E5__6.jpg,2
834,96 well image example__E5__7.jpg,2
835,96 well image example__E5__8.jpg,2
836,96 well image example__E5__9.jpg,1
837,96 well image example__E5__10.jpg,2
838,96 well image example__E5__11.jpg,2
839,96 well image example__E5__12.jpg,1
840,96 well image example__E5__13.jpg,1
841,96 well image example__E5__14.jpg,1
842,96 well image example__E5__15.jpg,2
843,96 well image example__E6__1.jpg,2
844,96 well image example__E6__2.jpg,1
845,96 well image example__E6__3.jpg,1
846,96 well image example__E6__4.jpg,1
847,96 well image example__E6__5.jpg,1
848,96 well image example__E6__6.jpg,1
849,96 well image example__E6__7.jpg,2
850,96 well image example__E6__8.jpg,1
851,96 well image example__E6__9.jpg,2
852,96 well image example__E6__10.jpg,1
853,96 well image example__E6__11.jpg,2
854,96 well image example__E6__12.jpg,1
855,96 well image example__E6__13.jpg,1
856,96 well image example__E6__14.jpg,1
857,96 well image example__E7__1.jpg,1
858,96 well image example__E7__2.jpg,1
859,96 well image example__E7__3.jpg,1
860,96 well image example__E7__4.jpg,1
861,96 well image example__E7__5.jpg,3
862,96 well image example__E7__6.jpg,1
863,96 well image example__E7__7.jpg,4
864,96 well image example__E7__8.jpg,1
865,96 well image example__E7__9.jpg,2
866,96 well image example__E7__10.jpg,1
867,96 well image example__E7__11.jpg,1
868,96 well image example__E7__12.jpg,1
869,96 well image example__E7__13.jpg,1
870,96 well image example__E7__14.jpg,1
871,96 well image example__E7__15.jpg,1
872,96 well image example__E7__16.jpg,2
873,96 well image example__E7__17.jpg,1
874,96 well image example__E7__18.jpg,2
875,96 well image example__E7__19.jpg,1
876,96 well image example__E7__20.jpg,0
877,96 well image example__E8__1.jpg,0
878,96 well image example__E8__2.jpg,1
879,96 well image example__E8__3.jpg,1
880,96 well image example__E8__4.jpg,1
881,96 well image example__E8__5.jpg,1
882,96 well image example__E8__6.jpg,1
883,96 well image example__E8__7.jpg,1
884,96 well image example__E8__8.jpg,1
885,96 well image example__E8__9.jpg,1
886,96 well image example__E8__10.jpg,2
887,96 well image example__E8__11.jpg,1
888,96 well image example__E8__12.jpg,1
889,96 well image example__E8__13.jpg,1
890,96 well image example__E9__1.jpg,1
891,96 well image example__E9__2.jpg,4
892,96 well image example__E9__3.jpg,1
893,96 well image example__E9__4.jpg,1
894,96 well image example__E9__5.jpg,1
895,96 well image example__E9__6.jpg,2
896,96 well image example__E9__7.jpg,1
897,96 well image example__E9__8.jpg,1
898,96 well image example__E9__9.jpg,1
899,96 well image example__E9__10.jpg,1
900,96 well image example__E9__11.jpg,1
901,96 well image example__E9__12.jpg,1
902,96 well image example__E9__13.jpg,2
903,96 well image example__E9__14.jpg,1
904,96 well image example__E9__15.jpg,1
905,96 well image example__E9__16.jpg,1
906,96 well image example__E9__17.jpg,1
907,96 well image example__E10__1.jpg,1
908,96 well image example__E10__2.jpg,1
909,96 well image example__E10__3.jpg,1
910,96 well image example__E10__4.jpg,1
911,96 well image example__E10__5.jpg,1
912,96 well image example__E10__6.jpg,1
913,96 well image example__E10__7.jpg,0
914,96 well image example__E10__8.jpg,1
915,96 well image example__E10__9.jpg,1
916,96 well image example__E10__10.jpg,1
917,96 well image example__E10__11.jpg,1
918,96 well image example__E10__12.jpg,1
919,96 well image example__E10__13.jpg,4
920,96 well image example__E10__14.jpg,1
921,96 well image example__E10__15.jpg,1
922,96 well image example__E10__16.jpg,4
923,96 well image example__E10__17.jpg,2
924,96 well image example__E10__18.jpg,2
925,96 well image example__E10__19.jpg,3
926,96 well image example__E11__1.jpg,1
927,96 well image example__E11__2.jpg,2
928,96 well image example__E11__3.jpg,1
929,96 well image example__E11__4.jpg,1
930,96 well image example__E11__5.jpg,2
931,96 well image example__E11__6.jpg,2
932,96 well image example__E11__7.jpg,2
933,96 well image example__E11__8.jpg,1
934,96 well image example__E11__9.jpg,1
935,96 well image example__E11__10.jpg,1
936,96 well image example__E11__11.jpg,1
937,96 well image example__E11__12.jpg,1
938,96 well image example__E11__13.jpg,2
939,96 well image example__E11__14.jpg,1
940,96 well image example__E11__15.jpg,1
941,96 well image example__E11__16.jpg,2
942,96 well image example__E11__17.jpg,1
943,96 well image example__E12__1.jpg,3
944,96 well image example__E12__2.jpg,1
945,96 well image example__E12__3.jpg,1
946,96 well image example__E12__4.jpg,2
947,96 well image example__E12__5.jpg,0
948,96 well image example__E12__6.jpg,1
949,96 well image example__E12__7.jpg,1
950,96 well image example__E12__8.jpg,3
951,96 well image example__E12__9.jpg,1
952,96 well image example__E12__10.jpg,1
953,96 well image example__E12__11.jpg,1
954,96 well image example__E12__12.jpg,2
955,96 well image example__E12__13.jpg,1
956,96 well image example__E12__14.jpg,1
957,96 well image example__F1__1.jpg,1
958,96 well image example__F1__2.jpg,1
959,96 well image example__F1__3.jpg,1
960,96 well image example__F1__4.jpg,1
961,96 well image example__F1__5.jpg,2
962,96 well image example__F1__6.jpg,1
963,96 well image example__F1__7.jpg,1
964,96 well image example__F1__8.jpg,1
965,96 well image example__F1__9.jpg,0
966,96 well image example__F1__10.jpg,2
967,96 well image example__F1__11.jpg,0
968,96 well image example__F2__1.jpg,1
969,96 well image example__F2__2.jpg,1
970,96 well image example__F2__3.jpg,2
971,96 well image example__F2__4.jpg,1
972,96 well image example__F2__5.jpg,1
973,96 well image example__F2__6.jpg,1
974,96 well image example__F2__7.jpg,1
975,96 well image example__F2__8.jpg,1
976,96 well image example__F2__9.jpg,1
977,96 well image example__F2__10.jpg,1
978,96 well image example__F2__11.jpg,2
979,96 well image example__F2__12.jpg,2
980,96 well image example__F2__13.jpg,1
981,96 well image example__F3__1.jpg,1
982,96 well image example__F3__2.jpg,1
983,96 well image example__F3__3.jpg,1
984,96 well image example__F3__4.jpg,2
985,96 well image example__F3__5.jpg,2
986,96 well image example__F3__6.jpg,1
987,96 well image example__F3__7.jpg,1
988,96 well image example__F3__8.jpg,2
989,96 well image example__F3__9.jpg,1
990,96 well image example__F3__10.jpg,2
991,96 well image example__F3__11.jpg,1
992,96 well image example__F3__12.jpg,1
993,96 well image example__F3__13.jpg,1
994,96 well image example__F3__14.jpg,0
995,96 well image example__F3__15.jpg,1
996,96 well image example__F3__16.jpg,1
997,96 well image example__F3__17.jpg,1
998,96 well image example__F3__18.jpg,1
999,96 well image example__F4__1.jpg,1
1000,96 well image example__F4__2.jpg,1
1001,96 well image example__F4__3.jpg,2
1002,96 well image example__F4__4.jpg,1
1003,96 well image example__F4__5.jpg,1
1004,96 well image example__F4__6.jpg,1
1005,96 well image example__F4__7.jpg,3
1006,96 well image example__F4__8.jpg,1
1007,96 well image example__F4__9.jpg,2
1008,96 well image example__F4__10.jpg,1
1009,96 well image example__F4__11.jpg,3
1010,96 well image example__F4__12.jpg,2
1011,96 well image example__F4__13.jpg,0
1012,96 well image example__F4__14.jpg,2
1013,96 well image example__F4__15.jpg,1
1014,96 well image example__F4__16.jpg,1
1015,96 well image example__F4__17.jpg,1
1016,96 well image example__F5__1.jpg,1
1017,96 well image example__F5__2.jpg,2
1018,96 well image example__F5__3.jpg,1
1019,96 well image example__F5__4.jpg,1
1020,96 well image example__F5__5.jpg,1
1021,96 well image example__F5__6.jpg,2
1022,96 well image example__F5__7.jpg,3
1023,96 well image example__F5__8.jpg,1
1024,96 well image example__F5__9.jpg,1
1025,96 well image example__F5__10.jpg,1
1026,96 well image example__F5__11.jpg,1
1027,96 well image example__F5__12.jpg,1
1028,96 well image example__F5__13.jpg,2
1029,96 well image example__F5__14.jpg,1
1030,96 well image example__F5__15.jpg,1
1031,96 well image example__F5__16.jpg,1
1032,96 well image example__F5__17.jpg,8
1033,96 well image example__F6__1.jpg,1
1034,96 well image example__F6__2.jpg,2
1035,96 well image example__F6__3.jpg,3
1036,96 well image example__F6__4.jpg,2
1037,96 well image example__F6__5.jpg,1
1038,96 well image example__F6__6.jpg,1
1039,96 well image example__F6__7.jpg,1
1040,96 well image example__F6__8.jpg,2
1041,96 well image example__F6__9.jpg,1
1042,96 well image example__F6__10.jpg,3
1043,96 well image example__F6__11.jpg,5
1044,96 well image example__F6__12.jpg,2
1045,96 well image example__F6__13.jpg,3
1046,96 well image example__F6__14.jpg,2
1047,96 well image example__F6__15.jpg,1
1048,96 well image example__F7__1.jpg,1
1049,96 well image example__F7__2.jpg,1
1050,96 well image example__F7__3.jpg,1
1051,96 well image example__F7__4.jpg,1
1052,96 well image example__F7__5.jpg,1
1053,96 well image example__F7__6.jpg,2
1054,96 well image example__F7__7.jpg,3
1055,96 well image example__F7__8.jpg,2
1056,96 well image example__F7__9.jpg,1
1057,96 well image example__F7__10.jpg,1
1058,96 well image example__F7__11.jpg,1
1059,96 well image example__F7__12.jpg,3
1060,96 well image example__F7__13.jpg,2
1061,96 well image example__F7__14.jpg,1
1062,96 well image example__F7__15.jpg,1
1063,96 well image example__F7__16.jpg,1
1064,96 well image example__F8__1.jpg,3
1065,96 well image example__F8__2.jpg,2
1066,96 well image example__F8__3.jpg,1
1067,96 well image example__F8__4.jpg,2
1068,96 well image example__F8__5.jpg,2
1069,96 well image example__F8__6.jpg,1
1070,96 well image example__F8__7.jpg,2
1071,96 well image example__F8__8.jpg,1
1072,96 well image example__F8__9.jpg,1
1073,96 well image example__F8__10.jpg,1
1074,96 well image example__F8__11.jpg,1
1075,96 well image example__F8__12.jpg,2
1076,96 well image example__F8__13.jpg,1
1077,96 well image example__F8__14.jpg,2
1078,96 well image example__F9__1.jpg,2
1079,96 well image example__F9__2.jpg,2
1080,96 well image example__F9__3.jpg,1
1081,96 well image example__F9__4.jpg,2
1082,96 well image example__F9__5.jpg,1
1083,96 well image example__F9__6.jpg,1
1084,96 well image example__F9__7.jpg,1
1085,96 well image example__F9__8.jpg,1
1086,96 well image example__F9__9.jpg,1
1087,96 well image example__F9__10.jpg,1
1088,96 well image example__F9__11.jpg,1
1089,96 well image example__F9__12.jpg,1
1090,96 well image example__F9__13.jpg,2
1091,96 well image example__F9__14.jpg,1
1092,96 well image example__F9__15.jpg,3
1093,96 well image example__F9__16.jpg,1
1094,96 well image example__F9__17.jpg,1
1095,96 well image example__F9__18.jpg,1
1096,96 well image example__F9__19.jpg,1
1097,96 well image example__F10__1.jpg,1
1098,96 well image example__F10__2.jpg,4
1099,96 well image example__F10__3.jpg,2
1100,96 well image example__F10__4.jpg,1
1101,96 well image example__F10__5.jpg,1
1102,96 well image example__F10__6.jpg,1
1103,96 well image example__F10__7.jpg,1
1104,96 well image example__F10__8.jpg,1
1105,96 well image example__F10__9.jpg,1
1106,96 well image example__F10__10.jpg,1
1107,96 well image example__F10__11.jpg,1
1108,96 well image example__F10__12.jpg,1
1109,96 well image example__F10__13.jpg,2
1110,96 well image example__F10__14.jpg,1
1111,96 well image example__F10__15.jpg,2
1112,96 well image example__F10__16.jpg,1
1113,96 well image example__F10__17.jpg,1
1114,96 well image example__F11__1.jpg,1
1115,96 well image example__F11__2.jpg,1
1116,96 well image example__F11__3.jpg,1
1117,96 well image example__F11__4.jpg,1
1118,96 well image example__F11__5.jpg,1
1119,96 well image example__F11__6.jpg,2
1120,96 well image example__F11__7.jpg,1
1121,96 well image example__F11__8.jpg,1
1122,96 well image example__F11__9.jpg,1
1123,96 well image example__F11__10.jpg,1
1124,96 well image example__F11__11.jpg,1
1125,96 well image example__F11__12.jpg,1
1126,96 well image example__F11__13.jpg,2
1127,96 well image example__F11__14.jpg,2
1128,96 well image example__F11__15.jpg,2
1129,96 well image example__F12__1.jpg,1
1130,96 well image example__F12__2.jpg,2
1131,96 well image example__F12__3.jpg,1
1132,96 well image example__F12__4.jpg,2
1133,96 well image example__F12__5.jpg,1
1134,96 well image example__F12__6.jpg,1
1135,96 well image example__F12__7.jpg,1
1136,96 well image example__F12__8.jpg,3
1137,96 well image example__F12__9.jpg,1
1138,96 well image example__F12__10.jpg,1
1139,96 well image example__F12__11.jpg,1
1140,96 well image example__F12__12.jpg,1
1141,96 well image example__F12__13.jpg,1
1142,96 well image example__F12__14.jpg,1
1143,96 well image example__F12__15.jpg,2
1144,96 well image example__F12__16.jpg,2
1145,96 well image example__F12__17.jpg,2
1146,96 well image example__F12__18.jpg,1
1147,96 well image example__F12__19.jpg,1
1148,96 well image example__F12__20.jpg,2
1149,96 well image example__G1__1.jpg,1
1150,96 well image example__G1__2.jpg,1
1151,96 well image example__G1__3.jpg,1
1152,96 well image example__G1__4.jpg,2
1153,96 well image example__G1__5.jpg,1
1154,96 well image example__G1__6.jpg,2
1155,96 well image example__G1__7.jpg,1
1156,96 well image example__G1__8.jpg,2
1157,96 well image example__G1__9.jpg,1
1158,96 well image example__G1__10.jpg,1
1159,96 well image example__G1__11.jpg,1
1160,96 well image example__G1__12.jpg,2
1161,96 well image example__G1__13.jpg,1
1162,96 well image example__G1__14.jpg,1
1163,96 well image example__G2__1.jpg,1
1164,96 well image example__G2__2.jpg,1
1165,96 well image example__G2__3.jpg,1
1166,96 well image example__G2__4.jpg,2
1167,96 well image example__G2__5.jpg,1
1168,96 well image example__G2__6.jpg,2
1169,96 well image example__G2__7.jpg,0
1170,96 well image example__G2__8.jpg,1
1171,96 well image example__G2__9.jpg,1
1172,96 well image example__G2__10.jpg,2
1173,96 well image example__G2__11.jpg,1
1174,96 well image example__G2__12.jpg,1
1175,96 well image example__G2__13.jpg,2
1176,96 well image example__G2__14.jpg,1
1177,96 well image example__G2__15.jpg,2
1178,96 well image example__G2__16.jpg,0
1179,96 well image example__G3__1.jpg,1
1180,96 well image example__G3__2.jpg,5
1181,96 well image example__G3__3.jpg,2
1182,96 well image example__G3__4.jpg,1
1183,96 well image example__G3__5.jpg,2
1184,96 well image example__G3__6.jpg,0
1185,96 well image example__G3__7.jpg,1
1186,96 well image example__G3__8.jpg,1
1187,96 well image example__G3__9.jpg,1
1188,96 well image example__G3__10.jpg,1
1189,96 well image example__G3__11.jpg,1
1190,96 well image example__G3__12.jpg,2
1191,96 well image example__G3__13.jpg,1
1192,96 well image example__G3__14.jpg,1
1193,96 well image example__G3__15.jpg,2
1194,96 well image example__G3__16.jpg,1
1195,96 well image example__G3__17.jpg,1
1196,96 well image example__G4__1.jpg,1
1197,96 well image example__G4__2.jpg,1
1198,96 well image example__G4__3.jpg,5
1199,96 well image example__G4__4.jpg,1
1200,96 well image example__G4__5.jpg,3
1201,96 well image example__G4__6.jpg,1
1202,96 well image example__G4__7.jpg,2
1203,96 well image example__G4__8.jpg,1
1204,96 well image example__G4__9.jpg,4
1205,96 well image example__G4__10.jpg,1
1206,96 well image example__G4__11.jpg,1
1207,96 well image example__G4__12.jpg,1
1208,96 well image example__G4__13.jpg,1
1209,96 well image example__G4__14.jpg,3
1210,96 well image example__G4__15.jpg,1
1211,96 well image example__G4__16.jpg,1
1212,96 well image example__G4__17.jpg,1
1213,96 well image example__G4__18.jpg,1
1214,96 well image example__G5__1.jpg,2
1215,96 well image example__G5__2.jpg,1
1216,96 well image example__G5__3.jpg,1
1217,96 well image example__G5__4.jpg,1
1218,96 well image example__G5__5.jpg,1
1219,96 well image example__G5__6.jpg,1
1220,96 well image example__G5__7.jpg,1
1221,96 well image example__G5__8.jpg,1
1222,96 well image example__G5__9.jpg,3
1223,96 well image example__G5__10.jpg,1
1224,96 well image example__G5__11.jpg,1
1225,96 well image example__G5__12.jpg,0
1226,96 well image example__G5__13.jpg,1
1227,96 well image example__G5__14.jpg,1
1228,96 well image example__G5__15.jpg,1
1229,96 well image example__G5__16.jpg,1
1230,96 well image example__G6__1.jpg,1
1231,96 well image example__G6__2.jpg,1
1232,96 well image example__G6__3.jpg,1
1233,96 well image example__G6__4.jpg,1
1234,96 well image example__G6__5.jpg,1
1235,96 well image example__G6__6.jpg,1
1236,96 well image example__G6__7.jpg,2
1237,96 well image example__G6__8.jpg,1
1238,96 well image example__G6__9.jpg,1
1239,96 well image example__G6__10.jpg,2
1240,96 well image example__G6__11.jpg,1
1241,96 well image example__G6__12.jpg,1
1242,96 well image example__G6__13.jpg,1
1243,96 well image example__G6__14.jpg,1
1244,96 well image example__G6__15.jpg,1
1245,96 well image example__G6__16.jpg,1
1246,96 well image example__G6__17.jpg,1
1247,96 well image example__G7__1.jpg,1
1248,96 well image example__G7__2.jpg,1
1249,96 well image example__G7__3.jpg,1
1250,96 well image example__G7__4.jpg,1
1251,96 well image example__G7__5.jpg,1
1252,96 well image example__G7__6.jpg,1
1253,96 well image example__G7__7.jpg,1
1254,96 well image example__G7__8.jpg,1
1255,96 well image example__G7__9.jpg,1
1256,96 well image example__G7__10.jpg,1
1257,96 well image example__G7__11.jpg,1
1258,96 well image example__G7__12.jpg,1
1259,96 well image example__G7__13.jpg,1
1260,96 well image example__G7__14.jpg,3
1261,96 well image example__G7__15.jpg,0
1262,96 well image example__G7__16.jpg,3
1263,96 well image example__G8__1.jpg,1
1264,96 well image example__G8__2.jpg,4
1265,96 well image example__G8__3.jpg,3
1266,96 well image example__G8__4.jpg,1
1267,96 well image example__G8__5.jpg,3
1268,96 well image example__G8__6.jpg,1
1269,96 well image example__G8__7.jpg,1
1270,96 well image example__G8__8.jpg,1
1271,96 well image example__G8__9.jpg,1
1272,96 well image example__G8__10.jpg,1
1273,96 well image example__G8__11.jpg,3
1274,96 well image example__G8__12.jpg,3
1275,96 well image example__G9__1.jpg,1
1276,96 well image example__G9__2.jpg,1
1277,96 well image example__G9__3.jpg,1
1278,96 well image example__G9__4.jpg,1
1279,96 well image example__G9__5.jpg,1
1280,96 well image example__G9__6.jpg,3
1281,96 well image example__G9__7.jpg,3
1282,96 well image example__G9__8.jpg,2
1283,96 well image example__G9__9.jpg,1
1284,96 well image example__G9__10.jpg,1
1285,96 well image example__G9__11.jpg,2
1286,96 well image example__G9__12.jpg,1
1287,96 well image example__G9__13.jpg,2
1288,96 well image example__G9__14.jpg,2
1289,96 well image example__G9__15.jpg,1
1290,96 well image example__G10__1.jpg,1
1291,96 well image example__G10__2.jpg,1
1292,96 well image example__G10__3.jpg,2
1293,96 well image example__G10__4.jpg,1
1294,96 well image example__G10__5.jpg,1
1295,96 well image example__G10__6.jpg,2
1296,96 well image example__G10__7.jpg,2
1297,96 well image example__G10__8.jpg,1
1298,96 well image example__G10__9.jpg,1
1299,96 well image example__G10__10.jpg,1
1300,96 well image example__G10__11.jpg,1
1301,96 well image example__G10__12.jpg,1
1302,96 well image example__G10__13.jpg,1
1303,96 well image example__G10__14.jpg,1
1304,96 well image example__G10__15.jpg,1
1305,96 well image example__G10__16.jpg,1
1306,96 well image example__G10__17.jpg,1
1307,96 well image example__G10__18.jpg,1
1308,96 well image example__G11__1.jpg,1
1309,96 well image example__G11__2.jpg,2
1310,96 well image example__G11__3.jpg,1
1311,96 well image example__G11__4.jpg,1
1312,96 well image example__G11__5.jpg,1
1313,96 well image example__G11__6.jpg,1
1314,96 well image example__G11__7.jpg,1
1315,96 well image example__G11__8.jpg,1
1316,96 well image example__G11__9.jpg,1
1317,96 well image example__G11__10.jpg,1
1318,96 well image example__G11__11.jpg,2
1319,96 well image example__G11__12.jpg,1
1320,96 well image example__G11__13.jpg,1
1321,96 well image example__G11__14.jpg,1
1322,96 well image example__G12__1.jpg,1
1323,96 well image example__G12__2.jpg,1
1324,96 well image example__G12__3.jpg,1
1325,96 well image example__G12__4.jpg,1
1326,96 well image example__G12__5.jpg,2
1327,96 well image example__G12__6.jpg,1
1328,96 well image example__G12__7.jpg,1
1329,96 well image example__G12__8.jpg,1
1330,96 well image example__G12__9.jpg,1
1331,96 well image example__G12__10.jpg,1
1332,96 well image example__G12__11.jpg,1
1333,96 well image example__G12__12.jpg,1
1334,96 well image example__G12__13.jpg,1
1335,96 well image example__G12__14.jpg,1
1336,96 well image example__G12__15.jpg,1
1337,96 well image example__G12__16.jpg,1
1338,96 well image example__G12__17.jpg,1
1339,96 well image example__H1__1.jpg,9
1340,96 well image example__H1__2.jpg,1
1341,96 well image example__H1__3.jpg,3
1342,96 well image example__H1__4.jpg,1
1343,96 well image example__H1__5.jpg,1
1344,96 well image example__H1__6.jpg,2
1345,96 well image example__H1__7.jpg,8
1346,96 well image example__H1__8.jpg,4
1347,96 well image example__H1__9.jpg,1
1348,96 well image example__H1__10.jpg,1
1349,96 well image example__H1__11.jpg,1
1350,96 well image example__H1__12.jpg,3
1351,96 well image example__H1__13.jpg,0
1352,96 well image example__H1__14.jpg,1
1353,96 well image example__H1__15.jpg,1
1354,96 well image example__H1__16.jpg,2
1355,96 well image example__H1__17.jpg,1
1356,96 well image example__H1__18.jpg,2
1357,96 well image example__H1__19.jpg,13
1358,96 well image example__H1__20.jpg,1
1359,96 well image example__H1__21.jpg,1
1360,96 well image example__H1__22.jpg,3
1361,96 well image example__H1__23.jpg,1
1362,96 well image example__H1__24.jpg,2
1363,96 well image example__H1__25.jpg,3
1364,96 well image example__H2__1.jpg,1
1365,96 well image example__H2__2.jpg,1
1366,96 well image example__H2__3.jpg,3
1367,96 well image example__H2__4.jpg,1
1368,96 well image example__H2__5.jpg,1
1369,96 well image example__H2__6.jpg,1
1370,96 well image example__H2__7.jpg,1
1371,96 well image example__H2__8.jpg,1
1372,96 well image example__H2__9.jpg,1
1373,96 well image example__H2__10.jpg,1
1374,96 well image example__H2__11.jpg,1
1375,96 well image example__H2__12.jpg,1
1376,96 well image example__H2__13.jpg,1
1377,96 well image example__H2__14.jpg,1
1378,96 well image example__H2__15.jpg,1
1379,96 well image example__H2__16.jpg,2
1380,96 well image example__H2__17.jpg,4
1381,96 well image example__H2__18.jpg,1
1382,96 well image example__H3__1.jpg,1
1383,96 well image example__H3__2.jpg,1
1384,96 well image example__H3__3.jpg,1
1385,96 well image example__H3__4.jpg,1
1386,96 well image example__H3__5.jpg,1
1387,96 well image example__H3__6.jpg,7
1388,96 well image example__H3__7.jpg,1
1389,96 well image example__H3__8.jpg,1
1390,96 well image example__H3__9.jpg,1
1391,96 well image example__H3__10.jpg,1
1392,96 well image example__H3__11.jpg,1
1393,96 well image example__H3__12.jpg,1
1394,96 well image example__H3__13.jpg,1
1395,96 well image example__H4__1.jpg,2
1396,96 well image example__H4__2.jpg,2
1397,96 well image example__H4__3.jpg,2
1398,96 well image example__H4__4.jpg,2
1399,96 well image example__H4__5.jpg,1
1400,96 well image example__H4__6.jpg,1
1401,96 well image example__H4__7.jpg,2
1402,96 well image example__H4__8.jpg,3
1403,96 well image example__H4__9.jpg,1
1404,96 well image example__H4__10.jpg,1
1405,96 well image example__H4__11.jpg,3
1406,96 well image example__H4__12.jpg,1
1407,96 well image example__H4__13.jpg,1
1408,96 well image example__H4__14.jpg,1
1409,96 well image example__H5__1.jpg,1
1410,96 well image example__H5__2.jpg,1
1411,96 well image example__H5__3.jpg,1
1412,96 well image example__H5__4.jpg,2
1413,96 well image example__H5__5.jpg,1
1414,96 well image example__H5__6.jpg,2
1415,96 well image example__H5__7.jpg,1
1416,96 well image example__H5__8.jpg,1
1417,96 well image example__H5__9.jpg,2
1418,96 well image example__H5__10.jpg,1
1419,96 well image example__H5__11.jpg,1
1420,96 well image example__H6__1.jpg,1
1421,96 well image example__H6__2.jpg,1
1422,96 well image example__H6__3.jpg,1
1423,96 well image example__H6__4.jpg,2
1424,96 well image example__H6__5.jpg,1
1425,96 well image example__H6__6.jpg,1
1426,96 well image example__H6__7.jpg,1
1427,96 well image example__H6__8.jpg,2
1428,96 well image example__H6__9.jpg,1
1429,96 well image example__H6__10.jpg,3
1430,96 well image example__H6__11.jpg,0
1431,96 well image example__H6__12.jpg,1
1432,96 well image example__H6__13.jpg,1
1433,96 well image example__H6__14.jpg,2
1434,96 well image example__H6__15.jpg,2
1435,96 well image example__H6__16.jpg,1
1436,96 well image example__H6__17.jpg,2
1437,96 well image example__H6__18.jpg,1
1438,96 well image example__H6__19.jpg,1
1439,96 well image example__H7__1.jpg,1
1440,96 well image example__H7__2.jpg,3
1441,96 well image example__H7__3.jpg,1
1442,96 well image example__H7__4.jpg,2
1443,96 well image example__H7__5.jpg,1
1444,96 well image example__H7__6.jpg,1
1445,96 well image example__H7__7.jpg,2
1446,96 well image example__H7__8.jpg,3
1447,96 well image example__H7__9.jpg,1
1448,96 well image example__H7__10.jpg,1
1449,96 well image example__H7__11.jpg,1
1450,96 well image example__H8__1.jpg,1
1451,96 well image example__H8__2.jpg,1
1452,96 well image example__H8__3.jpg,1
1453,96 well image example__H8__4.jpg,1
1454,96 well image example__H8__5.jpg,3
1455,96 well image example__H8__6.jpg,1
1456,96 well image example__H8__7.jpg,1
1457,96 well image example__H8__8.jpg,1
1458,96 well image example__H8__9.jpg,1
1459,96 well image example__H8__10.jpg,3
1460,96 well image example__H8__11.jpg,1
1461,96 well image example__H9__1.jpg,1
1462,96 well image example__H9__2.jpg,2
1463,96 well image example__H9__3.jpg,4
1464,96 well image example__H9__4.jpg,2
1465,96 well image example__H9__5.jpg,1
1466,96 well image example__H9__6.jpg,1
1467,96 well image example__H9__7.jpg,1
1468,96 well image example__H9__8.jpg,1
1469,96 well image example__H9__9.jpg,1
1470,96 well image example__H9__10.jpg,3
1471,96 well image example__H9__11.jpg,2
1472,96 well image example__H9__12.jpg,1
1473,96 well image example__H9__13.jpg,1
1474,96 well image example__H9__14.jpg,1
1475,96 well image example__H10__1.jpg,2
1476,96 well image example__H10__2.jpg,3
1477,96 well image example__H10__3.jpg,1
1478,96 well image example__H10__4.jpg,1
1479,96 well image example__H10__5.jpg,2
1480,96 well image example__H10__6.jpg,1
1481,96 well image example__H10__7.jpg,2
1482,96 well image example__H10__8.jpg,1
1483,96 well image example__H10__9.jpg,2
1484,96 well image example__H10__10.jpg,1
1485,96 well image example__H10__11.jpg,1
1486,96 well image example__H10__12.jpg,1
1487,96 well image example__H10__13.jpg,1
1488,96 well image example__H10__14.jpg,1
1489,96 well image example__H10__15.jpg,1
1490,96 well image example__H11__1.jpg,1
1491,96 well image example__H11__2.jpg,1
1492,96 well image example__H11__3.jpg,1
1493,96 well image example__H11__4.jpg,1
1494,96 well image example__H11__5.jpg,1
1495,96 well image example__H11__6.jpg,1
1496,96 well image example__H11__7.jpg,1
1497,96 well image example__H11__8.jpg,2
1498,96 well image example__H11__9.jpg,1
1499,96 well image example__H11__10.jpg,1
1500,96 well image example__H11__11.jpg,1
1501,96 well image example__H11__12.jpg,1
1502,96 well image example__H11__13.jpg,2
1503,96 well image example__H11__14.jpg,1
1504,96 well image example__H11__15.jpg,1
1505,96 well image example__H11__16.jpg,1
1506,96 well image example__H12__1.jpg,1
1507,96 well image example__H12__2.jpg,1
1508,96 well image example__H12__3.jpg,1
1509,96 well image example__H12__4.jpg,1
1510,96 well image example__H12__5.jpg,2
1511,96 well image example__H12__6.jpg,1
1512,96 well image example__H12__7.jpg,1
1513,96 well image example__H12__8.jpg,1
1514,96 well image example__H12__9.jpg,2
1515,96 well image example__H12__10.jpg,2
1516,96 well image example__H12__11.jpg,3
1517,96 well image example__H12__12.jpg,1
1518,96 well image example__H12__13.jpg,0
1519,96 well image example__H12__14.jpg,1
1520,96 well image example__H12__15.jpg,1
1521,96 well image example__H12__16.jpg,1
1522,96 well image example__H12__17.jpg,1
1523,96 well image example__H12__18.jpg,2
1524,96 well image example__H12__19.jpg,1
1525,96 well image example__H12__20.jpg,1
1526,96 well image example__H12__21.jpg,1
